hidden,lr,dropout,accuracy
64,0.01,0.1,0.4000000059604645
128,0.001,0.3,0.4470588266849518
256,0.005,0.5,0.42352941632270813
